<?xml version="1.0" encoding="UTF-8"?>
<files>
  <file name="00_coverscreenshot.png" source="original">
    <mtime>1680036000</mtime>
    <size>37655</size>
    <md5>9adedd5f611c0250871173fb5068718a</md5>
    <crc32>4954a4d2</crc32>
    <sha1>bd9164ad848cef8e5e55fb59b2aa3c28162fa35f</sha1>
    <format>PNG</format>
  </file>
  <file name="00_coverscreenshot_thumb.jpg" source="derivative">
    <format>JPEG Thumb</format>
    <original>00_coverscreenshot.png</original>
    <mtime>1680036377</mtime>
    <size>6837</size>
    <md5>8ef1178369624f65d0117d6f48f5363b</md5>
    <crc32>26136128</crc32>
    <sha1>5c942912e81de68e0781cb99017ce1ec67afe219</sha1>
  </file>
  <file name="__ia_thumb.jpg" source="original">
    <mtime>1680036216</mtime>
    <size>8992</size>
    <md5>02ac71d2bd4ee9772c7c03b50e4966b8</md5>
    <crc32>f1234546</crc32>
    <sha1>31893f4d02b6446c0c2a0a9e6942a5cdeac30b21</sha1>
    <format>Item Tile</format>
    <rotation>0</rotation>
  </file>
  <file name="deflex-remake_archive.torrent" source="metadata">
    <btih>81cb284524ce0dd72d830830c95c67fca5cdf1fd</btih>
    <mtime>1680036428</mtime>
    <size>7879</size>
    <md5>b98ef0b9f096a4a8b730823f0245a080</md5>
    <crc32>fc518d2f</crc32>
    <sha1>05c8be9a03df62f9565e422c3080fec4b6a8badf</sha1>
    <format>Archive BitTorrent</format>
  </file>
  <file name="deflex-remake_files.xml" source="original">
    <format>Metadata</format>
    <md5>ef430b5ba464640fa6d28f50c168823c</md5>
    <summation>md5</summation>
  </file>
  <file name="deflex-remake_meta.sqlite" source="original">
    <mtime>1680036238</mtime>
    <size>40960</size>
    <md5>692adb161a36ad6cf5f8b81381d4578e</md5>
    <crc32>ef56ded7</crc32>
    <sha1>68469e5db91447f25a62f6ba5302202d1afddeae</sha1>
    <format>Metadata</format>
  </file>
  <file name="deflex-remake_meta.xml" source="original">
    <mtime>1680022376</mtime>
    <size>1640</size>
    <md5>ba1a8be7962eed1d53141d4b6c807997</md5>
    <crc32>e943d54e</crc32>
    <sha1>a90123cb5ef03ecea8afbfab8fc31879d24e4a2c</sha1>
    <format>Metadata</format>
  </file>
  <file name="deflex-remake_screenshot.gif" source="original">
    <mtime>1680036039</mtime>
    <size>303380</size>
    <md5>f953515d869d6c8f205365aa926ab2a8</md5>
    <crc32>ea9fd8e8</crc32>
    <sha1>36480594262ad3922be8cdb500ab8280584eb0c7</sha1>
    <format>Emulator Screenshot</format>
  </file>
  <file name="deflex.prg" source="original">
    <mtime>1679980727</mtime>
    <size>2744</size>
    <md5>ba5fb4821a9e7243a3f5a0228d645da6</md5>
    <crc32>538c8027</crc32>
    <sha1>4e4d1c8b3b0ce382b79b292ce44704a2e0f7f6d2</sha1>
    <format>Unknown</format>
    <viruscheck>1679980791</viruscheck>
  </file>
  <file name="history/files/vice.conf.~1~" source="original">
    <mtime>1680008190</mtime>
    <size>19</size>
    <md5>49391e72a577fce0ab5585505f16914e</md5>
    <crc32>3d824afd</crc32>
    <sha1>880d494175b1962e098f2ac0c4c30d7ac4d0f6e9</sha1>
    <format>Unknown</format>
    <viruscheck>1680009212</viruscheck>
    <old_version>true</old_version>
  </file>
  <file name="screenshot_00.png" source="original">
    <mtime>1680036002</mtime>
    <size>37655</size>
    <md5>9adedd5f611c0250871173fb5068718a</md5>
    <crc32>4954a4d2</crc32>
    <sha1>bd9164ad848cef8e5e55fb59b2aa3c28162fa35f</sha1>
    <format>PNG</format>
  </file>
  <file name="screenshot_00_thumb.jpg" source="derivative">
    <format>JPEG Thumb</format>
    <original>screenshot_00.png</original>
    <mtime>1680036380</mtime>
    <size>6837</size>
    <md5>8ef1178369624f65d0117d6f48f5363b</md5>
    <crc32>26136128</crc32>
    <sha1>5c942912e81de68e0781cb99017ce1ec67afe219</sha1>
  </file>
  <file name="screenshot_01.png" source="original">
    <mtime>1680036004</mtime>
    <size>5959</size>
    <md5>48eb4b50942810142119eb7e6ac97650</md5>
    <crc32>8c729bae</crc32>
    <sha1>5a5425094a81f3d77ac4565bc76d40b95dafa173</sha1>
    <format>PNG</format>
  </file>
  <file name="screenshot_01_thumb.jpg" source="derivative">
    <format>JPEG Thumb</format>
    <original>screenshot_01.png</original>
    <mtime>1680036382</mtime>
    <size>4101</size>
    <md5>fa48dd07a4d75fadfd4d98b29102f103</md5>
    <crc32>e26f78d0</crc32>
    <sha1>38bbc31d4af837178a6c13d5e69fb62c83c62b2a</sha1>
  </file>
  <file name="screenshot_02.png" source="original">
    <mtime>1680036008</mtime>
    <size>9879</size>
    <md5>d34d57d1f11910b2fc94b7bfc0d8d998</md5>
    <crc32>90d1f8c7</crc32>
    <sha1>76e124e655810b8dabb406f7e79893271f507d00</sha1>
    <format>PNG</format>
  </file>
  <file name="screenshot_02_thumb.jpg" source="derivative">
    <format>JPEG Thumb</format>
    <original>screenshot_02.png</original>
    <mtime>1680036385</mtime>
    <size>5071</size>
    <md5>3ef974f9e2842a6d26ce7897d7b6b9d0</md5>
    <crc32>667a2a8f</crc32>
    <sha1>6e83cb445964269ee9c1dbd2974c5f6cb86fd987</sha1>
  </file>
  <file name="screenshot_03.png" source="original">
    <mtime>1680036012</mtime>
    <size>9880</size>
    <md5>9de012df1d6c59559ce0704df3071b28</md5>
    <crc32>140c22a3</crc32>
    <sha1>a609800611fa0e9f6cf8ac9f3194d1f29e99c982</sha1>
    <format>PNG</format>
  </file>
  <file name="screenshot_03_thumb.jpg" source="derivative">
    <format>JPEG Thumb</format>
    <original>screenshot_03.png</original>
    <mtime>1680036388</mtime>
    <size>5069</size>
    <md5>6ca0be4f90b0ec0f07987ee17a6dad49</md5>
    <crc32>0b08ee8f</crc32>
    <sha1>ea5c654f10f4aee2ef607c3bbf3adaa9a44b2bdd</sha1>
  </file>
  <file name="screenshot_04.png" source="original">
    <mtime>1680036013</mtime>
    <size>9284</size>
    <md5>560db2ecae1437a087caab0b5a69bcef</md5>
    <crc32>04af0c44</crc32>
    <sha1>ad7dd1d4f8e991784509cdc7b3e2793e621d69ed</sha1>
    <format>PNG</format>
  </file>
  <file name="screenshot_04_thumb.jpg" source="derivative">
    <format>JPEG Thumb</format>
    <original>screenshot_04.png</original>
    <mtime>1680036390</mtime>
    <size>5045</size>
    <md5>c70ced3690537ee7a92ee5721f82aa34</md5>
    <crc32>c5a3d1dd</crc32>
    <sha1>169b9739d773de14d97c2b522e0f0d4169fe975f</sha1>
  </file>
  <file name="screenshot_05.png" source="original">
    <mtime>1680036015</mtime>
    <size>9885</size>
    <md5>6c5aed2741d271bc417d9d24bebbb2b2</md5>
    <crc32>cba12cc5</crc32>
    <sha1>72da562dd40715cf0d7e09315fe3bdf05ecbf670</sha1>
    <format>PNG</format>
  </file>
  <file name="screenshot_05_thumb.jpg" source="derivative">
    <format>JPEG Thumb</format>
    <original>screenshot_05.png</original>
    <mtime>1680036393</mtime>
    <size>5072</size>
    <md5>45874725353e5175a88f7a5e637afbac</md5>
    <crc32>ce379f66</crc32>
    <sha1>3edd29dff613c6dfe418c076a49eca1e0c1dfcc6</sha1>
  </file>
  <file name="screenshot_06.png" source="original">
    <mtime>1680036017</mtime>
    <size>9882</size>
    <md5>2a7e36dc4460e65e8454eaef9db65a2f</md5>
    <crc32>c50e5eb7</crc32>
    <sha1>5ce8c912d64f87a345498fbd12df466b527e1da7</sha1>
    <format>PNG</format>
  </file>
  <file name="screenshot_06_thumb.jpg" source="derivative">
    <format>JPEG Thumb</format>
    <original>screenshot_06.png</original>
    <mtime>1680036395</mtime>
    <size>5069</size>
    <md5>a4d06d4b7703f876c6f43de055090864</md5>
    <crc32>45e6cae6</crc32>
    <sha1>3b404a68f1be52456ff61644896574ddff2e0e0d</sha1>
  </file>
  <file name="screenshot_07.png" source="original">
    <mtime>1680036019</mtime>
    <size>9881</size>
    <md5>c3a9cdb960e3e934aaffade8fd8183c3</md5>
    <crc32>0b6ecf7f</crc32>
    <sha1>585a8c9b3e8b4b9b7da9f1e93ee011438ebabe17</sha1>
    <format>PNG</format>
  </file>
  <file name="screenshot_07_thumb.jpg" source="derivative">
    <format>JPEG Thumb</format>
    <original>screenshot_07.png</original>
    <mtime>1680036399</mtime>
    <size>5071</size>
    <md5>e1af08c97ad04e120b0d71989fd90b93</md5>
    <crc32>d0712843</crc32>
    <sha1>3e6de6b7ddd203dffcfbc7a910ae9e8bc3b49fbb</sha1>
  </file>
  <file name="screenshot_08.png" source="original">
    <mtime>1680036021</mtime>
    <size>9874</size>
    <md5>f3ab344be4f54e5fcb2e1a4569cbb78b</md5>
    <crc32>fe75e19f</crc32>
    <sha1>9db7268bbc2b16488c06f6adb761f596f77a7e6d</sha1>
    <format>PNG</format>
  </file>
  <file name="screenshot_08_thumb.jpg" source="derivative">
    <format>JPEG Thumb</format>
    <original>screenshot_08.png</original>
    <mtime>1680036403</mtime>
    <size>5071</size>
    <md5>784e7514ca00ef9c0f52db633faf7d8e</md5>
    <crc32>af124277</crc32>
    <sha1>d6670f6cae1ef0550158e2f3a44fd20e3abc2ecf</sha1>
  </file>
  <file name="screenshot_09.png" source="original">
    <mtime>1680036023</mtime>
    <size>9884</size>
    <md5>11f85b3789138d3cbfb845ab8b965693</md5>
    <crc32>99bda24b</crc32>
    <sha1>6969398235b1d6784c9086c8d10265d607326d0b</sha1>
    <format>PNG</format>
  </file>
  <file name="screenshot_09_thumb.jpg" source="derivative">
    <format>JPEG Thumb</format>
    <original>screenshot_09.png</original>
    <mtime>1680036405</mtime>
    <size>5069</size>
    <md5>1e1c30c3feae9399058eadcffe2b3f13</md5>
    <crc32>05468899</crc32>
    <sha1>ba28d7a199d664ef1c8b0d9abdf454e4b360ff7a</sha1>
  </file>
  <file name="screenshot_10.png" source="original">
    <mtime>1680036025</mtime>
    <size>9875</size>
    <md5>4f378fabfe7931d6ea6d148ac578c73c</md5>
    <crc32>2bd5b1f4</crc32>
    <sha1>dba9c494a366a28be9d450139df40ad95a32079c</sha1>
    <format>PNG</format>
  </file>
  <file name="screenshot_10_thumb.jpg" source="derivative">
    <format>JPEG Thumb</format>
    <original>screenshot_10.png</original>
    <mtime>1680036408</mtime>
    <size>5065</size>
    <md5>dbd7c280594f2bab65f0247ba48b58df</md5>
    <crc32>68fde5fd</crc32>
    <sha1>cbbc2e5404f6bfe50b3608a82143be376e4ec056</sha1>
  </file>
  <file name="screenshot_11.png" source="original">
    <mtime>1680036027</mtime>
    <size>9875</size>
    <md5>d98d57f48a54f30db8a241cba2bcd976</md5>
    <crc32>4dc1e37a</crc32>
    <sha1>4459847f2ed33d665bb50ad545e2bfe368921d9b</sha1>
    <format>PNG</format>
  </file>
  <file name="screenshot_11_thumb.jpg" source="derivative">
    <format>JPEG Thumb</format>
    <original>screenshot_11.png</original>
    <mtime>1680036413</mtime>
    <size>5068</size>
    <md5>7bf913174e3d40c1d157883be9cfdd96</md5>
    <crc32>192fe015</crc32>
    <sha1>84c515466f62a9baf249a0cbc026733d8d88d951</sha1>
  </file>
  <file name="screenshot_12.png" source="original">
    <mtime>1680036028</mtime>
    <size>9925</size>
    <md5>52aef885f2ca456a03c829d66a893263</md5>
    <crc32>9ea96a0b</crc32>
    <sha1>d084b344608fee1d568eabc3f0c24ddcd87aefde</sha1>
    <format>PNG</format>
  </file>
  <file name="screenshot_12_thumb.jpg" source="derivative">
    <format>JPEG Thumb</format>
    <original>screenshot_12.png</original>
    <mtime>1680036415</mtime>
    <size>5058</size>
    <md5>1faae88e153fd8033c08952d7fb66630</md5>
    <crc32>2439a4f9</crc32>
    <sha1>f6e6c714b7977e836b5584c0e4dfbe5349350718</sha1>
  </file>
  <file name="screenshot_13.png" source="original">
    <mtime>1680036031</mtime>
    <size>9881</size>
    <md5>94d387824dee9c3e75a99fcad4113abb</md5>
    <crc32>da26252e</crc32>
    <sha1>909172c71d3b9068ee94af98b8238c4ff9d5661b</sha1>
    <format>PNG</format>
  </file>
  <file name="screenshot_13_thumb.jpg" source="derivative">
    <format>JPEG Thumb</format>
    <original>screenshot_13.png</original>
    <mtime>1680036418</mtime>
    <size>5069</size>
    <md5>160e1e88c76fd36b89129ded8362efdc</md5>
    <crc32>43495e75</crc32>
    <sha1>240a96be20a0e15a96ef0944970fe44e5b132aba</sha1>
  </file>
  <file name="screenshot_14.png" source="original">
    <mtime>1680036032</mtime>
    <size>9886</size>
    <md5>759d42e65c1097547f726048cf2f4e7a</md5>
    <crc32>97f0f3b5</crc32>
    <sha1>241388c60e4bbd5b48524875b8ec0b952d9e3a00</sha1>
    <format>PNG</format>
  </file>
  <file name="screenshot_14_thumb.jpg" source="derivative">
    <format>JPEG Thumb</format>
    <original>screenshot_14.png</original>
    <mtime>1680036420</mtime>
    <size>5072</size>
    <md5>159fd519a9e7f3a89c098c2c6970ce00</md5>
    <crc32>b99c6f4b</crc32>
    <sha1>992791017d8ae40643271afe3350877c67edcbd4</sha1>
  </file>
  <file name="vice.conf" source="original">
    <mtime>1680035208</mtime>
    <size>25</size>
    <md5>00eafd2b5521705f67a794c78f28bc1e</md5>
    <crc32>dbc9c828</crc32>
    <sha1>1b8ded78be7d6760a44bd7ccfebea738affc6428</sha1>
    <format>Unknown</format>
  </file>
</files>
