<?xml version="1.0" encoding="UTF-8"?>
<metadata>
  <identifier>deflex-remake</identifier>
  <mediatype>software</mediatype>
  <collection>softwarelibrary_contribs</collection>
  <description>"'Deflex' was originally a PET game us nerds made at QMC. Long since lost to time. I decided to do a remake." Jeff Minter&lt;br /&gt;&lt;br /&gt;&lt;b&gt;Instructions:&lt;/b&gt;&lt;div&gt;&lt;b&gt;&lt;br /&gt;&lt;/b&gt;&lt;/div&gt;&lt;div&gt;Deflect the Ball using Paddles: / \&lt;/div&gt;&lt;div&gt;Press N to Place a / Paddle&lt;/div&gt;&lt;div&gt;Press M to Place a \ Paddle&lt;br /&gt;Paddles Flip With Each Deflection.&lt;br /&gt;&lt;br /&gt;Try to Hit all Targets in Lowest Time.&lt;br /&gt;&lt;br /&gt;&lt;/div&gt;&lt;div&gt;3 Targets make a Round by default.&lt;/div&gt;</description>
  <scanner>Internet Archive HTML5 Uploader 1.7.0</scanner>
  <subject>Deflex Remake</subject>
  <title>Deflex Remake</title>
  <uploader>jscott@archive.org</uploader>
  <publicdate>2023-03-28 05:19:02</publicdate>
  <addeddate>2023-03-28 05:19:02</addeddate>
  <curation>[curator]validator@archive.org[/curator][date]20230328051952[/date][comment]checked for malware[/comment]</curation>
  <identifier-access>http://archive.org/details/deflex-remake</identifier-access>
  <identifier-ark>ark:/13960/s24bq551v11</identifier-ark>
  <emulator>vice-pet-2001</emulator>
  <emulator_ext>prg</emulator_ext>
  <emulator_start>deflex.prg</emulator_start>
  <creator>Jeff Minter and Others (Design) Jeff Minter (Remake)</creator>
  <date>2023-03</date>
  <year>2023</year>
  <collection>softwarelibrary</collection>
  <collection>emulation</collection>
</metadata>
